name,price,description,options,link
Zapatillas para Hombre ADIDAS HERITAGE STAN SMITH WWG,S/. 259.00,Recorre las calles con un clásico.  El tenista Stan Smith conquistó las pistas de todo el mundo en los 70.  Cálzate la zapatilla que lleva su nombre y derrocha estilo urbano.  Esta versión conserva la parte superior de piel y la silueta minimalista del modelo original de 1971.,WWG,https://thebox.com.pe/collections/hombres-calzado/products/zapatillas-para-hombre-adidas-heritage-stan-smith-wwg
Zapatillas para Hombre ADIDAS HERITAGE NITE JOGGER BBB,S/. 429.00,Inspirada en una zapatilla de running vintage de 1980 la Nite Jogger destaca en la oscuridad y te invita a trasnochar.  Las 3 bandas iridiscentes muestran los colores del arcoíris al incidir la luz en ellas.,No hay Información,https://thebox.com.pe/collections/hombres-calzado/products/zapatillas-para-hombre-adidas-heritage-nite-jogger-bbb
Zapatillas para Hombre ADIDAS HERITAGE SUPERSTAR WBW,S/. 259.00,Triunfó en las canchas de baloncesto de los 70.  Se convirtió en un emblema del hip-hop de los 80.  La zapatilla adidas Superstar es un icono del estilo urbano desde hace varias décadas.  Esta versión conserva la puntera de goma las 3 bandas dentadas y el logotipo de adidas Superstar del modelo original.   Una silueta perfecta para lucir un look rompedor en un festival de música o en un paseo por la ciudad.,No hay Información,https://thebox.com.pe/collections/hombres-calzado/products/zapatillas-para-hombre-adidas-heritage-superstar-wbw
Zapatillas para Hombre ADIDAS HERITAGE SUPERSTAR BBB,S/. 259.00,Triunfó en las canchas de baloncesto de los 70.  Se convirtió en un emblema del hip-hop de los 80.  La zapatilla adidas Superstar es un icono del estilo urbano desde hace varias décadas.  Esta versión conserva la puntera de goma las 3 bandas dentadas y el logotipo de adidas Superstar del modelo original.   Una silueta perfecta para lucir un look rompedor en un festival de música o en un paseo por la ciudad.,No hay Información,https://thebox.com.pe/collections/hombres-calzado/products/zapatillas-para-hombre-adidas-heritage-superstar-bbb
Zapatillas para Hombre ADIDAS HERITAGE SUPERCOURT WWB,S/. 299.00,Todo lo necesario concentrado en una zapatilla.  La Supercourt de adidas presenta una parte superior de piel suave con pinceladas de color en el talón y la lengüeta.  La suela de goma de líneas elegantes remata su diseño magistral.,No hay Información,https://thebox.com.pe/collections/hombres-calzado/products/zapatillas-para-hombre-adidas-heritage-supercourt-wwb
Zapatillas para Hombre ADIDAS HERITAGE SUPERCOURT WWG,S/. 299.00,Todo lo necesario concentrado en una zapatilla.  La Supercourt de adidas presenta una parte superior de piel suave con pinceladas de color en el talón y la lengüeta.  La suela de goma de líneas elegantes remata su diseño magistral.,No hay Información,https://thebox.com.pe/collections/hombres-calzado/products/zapatillas-para-hombre-adidas-heritage-supercourt-wwg
Zapatillas para Hombre QUIKSILVER CASUAL SHOREBREAK II SBKM,S/. 79.50,Parte superior de lona con detalle de subcapa de tela Ojal superior de marca de boardshorts Cordones de algodón recubiertos Plantilla por capas con soporte para el arco Suela exterior de marca con diseño en espiga para una tracción superior,No hay Información,https://thebox.com.pe/collections/hombres-calzado/products/zapatillas-para-hombre-quiksilver-casual-shorebreak-ii-sbkm
Zapatillas para Hombre QUIKSILVER CASUAL SHOREBREAK XWWW,S/. 99.50,Parte superior de lona con detalle de subcapa de tela Ojal superior de marca de boardshorts Cordones de algodón recubiertos Plantilla por capas con soporte para el arco Suela exterior de marca con diseño en espiga para una tracción superior,No hay Información,https://thebox.com.pe/collections/hombres-calzado/products/zapatillas-para-hombre-quiksilver-casual-shorebreak-xwww
Sandalias para Hombre QUIKSILVER BEACH MOLOKAI NO WORRIES XKSK,S/. 39.95,BEACH Sandalias para hombre. Características incluyen: tira recubierta de PU con interior de tela suave  Separador de dedos en tejido fino de nailon con textura espigada Plantilla de grosor uniforme  Anti-deslizante y con textura con gráficos.,No hay Información,https://thebox.com.pe/collections/hombres-calzado/products/sandalias-para-hombre-quiksilver-beach-molokai-no-worries-xksk
Sandalias para Hombre QUIKSILVER BEACH MOLOKAI MARLED XKCG,S/. 39.95,BEACH Chanclas para Hombre Características incluyen correa de goma sintética flexible en 3 puntos Marca Quiksilver y logo de la Montaña y la Ola moldeado elegante Plantilla con textura anti-deslizante,No hay Información,https://thebox.com.pe/collections/hombres-calzado/products/sandalias-para-hombre-quiksilver-beach-molokai-marled-xkcg
